{"/data/data/Extracted_IMAGES/debug/patches": {"mean": [0.7990000247955322, 0.6875, 0.7617999911308289], "std": [0.1216999962925911, 0.17749999463558197, 0.13539999723434448]}}